Algorithm,Accuracy,Precision,Recall,F1-Score,Training Time (s),Inference Time (ms/sample)
Logistic Regression,0.94,0.9363338788870703,0.94,0.9272307782738105,0.0362,0.0
Support Vector Machine,0.942,0.9461314182506235,0.942,0.9278861082641543,0.2993,0.0291
Random Forest,0.993,0.9929754030346136,0.993,0.9929543252796486,0.3308,0.0069
XGBoost (Current),0.997,0.9969893395535335,0.997,0.9969910035497176,0.3168,0.0
Isolation Forest (Anomaly Only),0.884,0.8066666666666666,0.8066666666666666,0.8066666666666666,N/A,N/A
