Algorithm,Accuracy,Precision,Recall,F1-Score,Training Time (s),Inference Time (ms/sample)
Logistic Regression,0.94,0.9363338788870703,0.94,0.9272307782738105,0.0315,0.0023
Support Vector Machine,0.942,0.9461314182506235,0.942,0.9278861082641543,0.3115,0.0386
Random Forest,0.995,0.9950092137592137,0.995,0.9949650186467061,0.3257,0.0069
XGBoost (Current),0.997,0.9969893395535335,0.997,0.9969910035497176,0.2721,0.0016
Isolation Forest (Anomaly Only),0.884,0.8066666666666666,0.8066666666666666,0.8066666666666666,N/A,N/A
